{
    "eval_loss": 1.3304835557937622,
    "eval_runtime": 415.3305,
    "eval_samples_per_second": 1.382,
    "eval_steps_per_second": 0.691,
    "perplexity": 3.7828721751300813,
    "total_flos": 115392366051328.0,
    "train_loss": 1.4686417076158227,
    "train_runtime": 5075.6966,
    "train_samples_per_second": 1.017,
    "train_steps_per_second": 0.032
}